ID,COMMENT
C3L-04505-42.svs,JPEG
C3L-03308-43.svs,JPEG
C3L-06357-41.svs,JPEG
C3L-01206-42.svs,JPEG
C3L-06356-41.svs,JPEG
C3L-05335-42.svs,JPEG
C3L-00460-43.svs,JPEG
C3L-04489-42.svs,JPEG
C3L-00459-41.svs,JPEG
C3L-00461-42.svs,JPEG
C3L-06064-43.svs,JPEG
C3L-05678-41.svs,JPEG
C3L-05317-41.svs,JPEG
C3L-03493-43.svs,JPEG
C3L-06364-42.svs,JPEG
C3L-00617-41.svs,JPEG
C3L-00807-42.svs,JPEG
C3L-03497-43.svs,JPEG
C3L-04245-41.svs,JPEG
C3L-01425-42.svs,JPEG
C3L-04236-42.svs,JPEG
C3L-00810-41.svs,JPEG
C3L-04763-43.svs,JPEG
C3L-02135-41.svs,JPEG
C3L-06364-41.svs,JPEG
C3L-05816-41.svs,JPEG
C3L-04483-41.svs,JPEG
C3L-02136-43.svs,JPEG
C3L-03508-43.svs,JPEG
C3L-00540-42.svs,JPEG
C3L-03491-43.svs,JPEG
C3L-05888-42.svs,JPEG
C3L-05317-42.svs,JPEG
C3L-01202-42.svs,JPEG
C3L-00465-41.svs,JPEG
C3L-06063-43.svs,JPEG
C3L-01425-41.svs,JPEG
C3L-05888-41.svs,JPEG
C3L-03506-41.svs,JPEG
C3L-00810-42.svs,JPEG
C3L-05908-42.svs,JPEG
C3L-05331-43.svs,JPEG
C3L-04486-42.svs,JPEG
C3L-05338-42.svs,JPEG
C3L-05387-41.svs,JPEG
C3L-05862-42.svs,JPEG
C3L-01427-42.svs,JPEG
C3L-02132-41.svs,JPEG
C3L-05891-43.svs,JPEG
C3L-05870-42.svs,JPEG
C3N-00466-41.svs,JPEG
C3L-03508-41.svs,JPEG
C3L-01700-43.svs,JPEG
C3L-01205-43.svs,JPEG
C3L-01426-42.svs,JPEG
C3L-05819-42.svs,JPEG
C3L-00807-41.svs,JPEG
C3L-04486-41.svs,JPEG
C3L-04270-41.svs,JPEG
C3L-01188-43.svs,JPEG
C3L-05386-42.svs,JPEG
C3N-00466-42.svs,JPEG
C3L-04231-41.svs,JPEG
C3L-05815-42.svs,JPEG
C3L-03506-42.svs,JPEG
C3L-00457-43.svs,JPEG
C3L-00458-41.svs,JPEG
C3L-04764-41.svs,JPEG
C3L-06352-42.svs,JPEG
C3L-04489-41.svs,JPEG
C3L-05816-42.svs,JPEG
C3L-04242-42.svs,JPEG
C3L-05387-42.svs,JPEG
C3L-01210-42.svs,JPEG
C3L-05819-41.svs,JPEG
C3L-01694-42.svs,JPEG
C3L-05872-41.svs,JPEG
C3L-05891-41.svs,JPEG
C3L-05861-41.svs,JPEG
C3L-04508-42.svs,JPEG
C3L-04265-43.svs,JPEG
C3L-05815-41.svs,JPEG
C3L-00452-41.svs,JPEG
C3L-00617-43.svs,JPEG
C3L-05862-41.svs,JPEG
C3L-05325-42.svs,JPEG
C3L-01295-41.svs,JPEG
C3L-03496-42.svs,JPEG
C3L-05386-41.svs,JPEG
C3L-00453-41.svs,JPEG
C3L-01423-43.svs,JPEG
C3L-06356-42.svs,JPEG
C3L-05861-43.svs,JPEG
C3L-01296-43.svs,JPEG
C3L-06352-41.svs,JPEG
C3L-00614-42.svs,JPEG
C3L-04241-42.svs,JPEG
C3L-04767-41.svs,JPEG
C3L-04766-43.svs,JPEG
C3L-06061-43.svs,JPEG
C3L-06067-41.svs,JPEG
C3L-05891-42.svs,JPEG
C3L-04263-42.svs,JPEG
C3L-05818-42.svs,JPEG
C3N-00466-43.svs,JPEG
C3L-01696-41.svs,JPEG
C3L-04231-42.svs,JPEG
C3L-06070-43.svs,JPEG
C3L-00614-41.svs,JPEG
C3L-04244-42.svs,JPEG
C3L-01694-41.svs,JPEG
C3L-05678-42.svs,JPEG
C3L-01291-41.svs,JPEG
C3L-01423-41.svs,JPEG
C3L-02137-42.svs,JPEG
C3L-06069-41.svs,JPEG
C3L-04236-41.svs,JPEG
C3L-04270-42.svs,JPEG
C3L-00540-41.svs,JPEG
C3L-00455-41.svs,JPEG
C3L-04250-41.svs,JPEG
C3L-05818-41.svs,JPEG
